relative_path,sha256,bytes
NOTICE_NDA.md,5e946c861b970e4461fdc6306ee92a3be8c72f38eb4db8e6e6a85211b77288df,2331
PHASE_RATIONALE_PUBLIC.md,bead5e694ad0885431583bc8f59a93b498a7ab296d940428243a3561d6bbd4f4,16414
README.md,c5da56f6e6f5f111bb7529c6b71ea0beba4ee7b9528650f53c87695b0817038a,6579
runs/CRATOS_ARP_20260904T014323Z__network_reachable_true/AUDIT_PUBLIC_PoC/CRATOS_REPORT.md,c83c134a5746dc1c511b17b0b7ecdf8d6c2eb45277c43ef15c722b11e7e8883f,34655
runs/CRATOS_ARP_20260904T014323Z__network_reachable_true/AUDIT_PUBLIC_PoC/CRATOS_REPORT.txt,4a52e933de4a9fbbf22fc37cf31902f6fa6d4a8e549bc22cb10ced607b67b38f,34306
runs/CRATOS_ARP_20260904T014323Z__network_reachable_true/AUDIT_PUBLIC_PoC/README_PoC.txt,47080826913dfd0abe72e494c31870a214bc6d9430a5d86c613c9ae0ff46d2fa,2459
runs/CRATOS_ARP_20260904T014323Z__network_reachable_true/AUDIT_PUBLIC_PoC/external_audit_public/CRATOS_REPORT.md,c83c134a5746dc1c511b17b0b7ecdf8d6c2eb45277c43ef15c722b11e7e8883f,34655
runs/CRATOS_ARP_20260904T014323Z__network_reachable_true/AUDIT_PUBLIC_PoC/external_audit_public/CRATOS_REPORT.txt,4a52e933de4a9fbbf22fc37cf31902f6fa6d4a8e549bc22cb10ced607b67b38f,34306
runs/CRATOS_ARP_20260904T014323Z__network_reachable_true/AUDIT_PUBLIC_PoC/external_audit_public/VERIFY.md,f76486ee0c9a79929462a9294a66666aadd69b390bc1b171fec6ffff4afa80a9,2653
runs/CRATOS_ARP_20260904T014323Z__network_reachable_true/AUDIT_PUBLIC_PoC/external_audit_public/public_files_sha256.csv,1a43615dadff71a39961bff8eb694c54f0287e292967ba885fe0e439842a02c0,503
runs/CRATOS_ARP_20260904T014323Z__network_reachable_true/AUDIT_PUBLIC_PoC/external_audit_public/public_merkle_root.txt,746062e9166525037fe63e3f9e12bcb46ada27ff24495d900a0e3b9e221c5ccb,65
runs/CRATOS_ARP_20260904T014323Z__network_reachable_true/AUDIT_PUBLIC_PoC/external_audit_public/run_header.txt,83f08b18a534f9c73c0dd4bd848deb78384b2aaabd2f04ac8ae6ce5a8a2d5b7a,1053
runs/CRATOS_ARP_20260904T014323Z__network_reachable_true/AUDIT_PUBLIC_PoC/external_audit_public/run_merkle_root.txt,cb4844431a4ded7dffc9016ac5c169494704158754934a1c25b9b41a43461190,65
runs/CRATOS_ARP_20260904T014323Z__network_reachable_true/AUDIT_PUBLIC_PoC/external_audit_public/summary.txt,2a78d1aa2a489057232c21bbc5f2346e534e165e5ced4359ff65fd35b33d607d,140
runs/CRATOS_ARP_20260904T014323Z__network_reachable_true/AUDIT_PUBLIC_PoC/poc_bundle_files_sha256.csv,7000213646190199a67ec2beec346b045489ef4b5d77453d3c955045866a264b,1101
runs/CRATOS_ARP_20260904T014323Z__network_reachable_true/AUDIT_PUBLIC_PoC/poc_bundle_merkle_root.txt,eefed22eb8287c57f363d7af051880c85f8243537aadc75a53e21a0d52dc8b5b,65
runs/CRATOS_ARP_20260904T014512Z__network_reachable_false/AUDIT_PUBLIC_PoC/CRATOS_REPORT.md,d68180c232581707c27c3e904bd7c93f500466c9555e9dc6b4a9727c44985173,34624
runs/CRATOS_ARP_20260904T014512Z__network_reachable_false/AUDIT_PUBLIC_PoC/CRATOS_REPORT.txt,f41724c188950ccf22cd0de74297155afbbd4917fe72d0fac419d4d6a879d2fd,34275
runs/CRATOS_ARP_20260904T014512Z__network_reachable_false/AUDIT_PUBLIC_PoC/README_PoC.txt,a86432a817cdf2df33f6117ef681ee0f08cc784f236a2ae042482fcbdc564b61,2459
runs/CRATOS_ARP_20260904T014512Z__network_reachable_false/AUDIT_PUBLIC_PoC/external_audit_public/CRATOS_REPORT.md,d68180c232581707c27c3e904bd7c93f500466c9555e9dc6b4a9727c44985173,34624
runs/CRATOS_ARP_20260904T014512Z__network_reachable_false/AUDIT_PUBLIC_PoC/external_audit_public/CRATOS_REPORT.txt,f41724c188950ccf22cd0de74297155afbbd4917fe72d0fac419d4d6a879d2fd,34275
runs/CRATOS_ARP_20260904T014512Z__network_reachable_false/AUDIT_PUBLIC_PoC/external_audit_public/VERIFY.md,f76486ee0c9a79929462a9294a66666aadd69b390bc1b171fec6ffff4afa80a9,2653
runs/CRATOS_ARP_20260904T014512Z__network_reachable_false/AUDIT_PUBLIC_PoC/external_audit_public/public_files_sha256.csv,36fce58261954a2972084399b7023b192619fd6526b95853859a9e6209f625f6,503
runs/CRATOS_ARP_20260904T014512Z__network_reachable_false/AUDIT_PUBLIC_PoC/external_audit_public/public_merkle_root.txt,158f7c6f78c809d18ee71114fac8b08a79418c73c8899b836f8916fe029ad6c7,65
runs/CRATOS_ARP_20260904T014512Z__network_reachable_false/AUDIT_PUBLIC_PoC/external_audit_public/run_header.txt,a834d8ae42cdfb110a794655c46cb43f8579ba8321d8bbcf30afb2a32533f055,1052
runs/CRATOS_ARP_20260904T014512Z__network_reachable_false/AUDIT_PUBLIC_PoC/external_audit_public/run_merkle_root.txt,1044aa9a8de7bd48c353e688a3ed5ad3ba3323a71724cc5fc0bdbef46b5a4776,65
runs/CRATOS_ARP_20260904T014512Z__network_reachable_false/AUDIT_PUBLIC_PoC/external_audit_public/summary.txt,e0bc46d2199b254ed04e143d62e622a471dca917172d7741eb936f9c3676bc4f,140
runs/CRATOS_ARP_20260904T014512Z__network_reachable_false/AUDIT_PUBLIC_PoC/poc_bundle_files_sha256.csv,6ec16c6cec6aebd6e72c227dc1e44ce695353811c466c9e1b7849fa564184cb7,1101
runs/CRATOS_ARP_20260904T014512Z__network_reachable_false/AUDIT_PUBLIC_PoC/poc_bundle_merkle_root.txt,2c73c54809c131c37eaa9b8d230b880ac08bc058b0c52c9df2f56cd8f90fb990,65
