sha256,relative_path
c83c134a5746dc1c511b17b0b7ecdf8d6c2eb45277c43ef15c722b11e7e8883f,CRATOS_REPORT.md
4a52e933de4a9fbbf22fc37cf31902f6fa6d4a8e549bc22cb10ced607b67b38f,CRATOS_REPORT.txt
47080826913dfd0abe72e494c31870a214bc6d9430a5d86c613c9ae0ff46d2fa,README_PoC.txt
c83c134a5746dc1c511b17b0b7ecdf8d6c2eb45277c43ef15c722b11e7e8883f,external_audit_public/CRATOS_REPORT.md
4a52e933de4a9fbbf22fc37cf31902f6fa6d4a8e549bc22cb10ced607b67b38f,external_audit_public/CRATOS_REPORT.txt
f76486ee0c9a79929462a9294a66666aadd69b390bc1b171fec6ffff4afa80a9,external_audit_public/VERIFY.md
1a43615dadff71a39961bff8eb694c54f0287e292967ba885fe0e439842a02c0,external_audit_public/public_files_sha256.csv
746062e9166525037fe63e3f9e12bcb46ada27ff24495d900a0e3b9e221c5ccb,external_audit_public/public_merkle_root.txt
83f08b18a534f9c73c0dd4bd848deb78384b2aaabd2f04ac8ae6ce5a8a2d5b7a,external_audit_public/run_header.txt
cb4844431a4ded7dffc9016ac5c169494704158754934a1c25b9b41a43461190,external_audit_public/run_merkle_root.txt
2a78d1aa2a489057232c21bbc5f2346e534e165e5ced4359ff65fd35b33d607d,external_audit_public/summary.txt
